{"loss": 0.5411449525832163, "_timestamp": 1651774070, "_runtime": 710, "_step": 11, "accuracy": 0.7728365384615384}